<toolSet name="External Tools">
  <tool name="g++compile" description="g++compile" showInMainMenu="false" showInEditor="false" showInProject="false" showInSearchPopup="false" disabled="false" useConsole="true" showConsoleOnStdOut="true" showConsoleOnStdErr="true" synchronizeAfterRun="true">
    <exec>
      <option name="COMMAND" value="g++" />
      <option name="PARAMETERS" value="-std=c++14 &quot;$FileName$&quot; -o &quot;$FileDir$/$FileNameWithoutAllExtensions$&quot; -D LOCAL" />
      <option name="WORKING_DIRECTORY" value="$FileDir$" />
    </exec>
  </tool>
  <tool name="g++runner" description="g++runner" showInMainMenu="false" showInEditor="false" showInProject="false" showInSearchPopup="false" disabled="false" useConsole="true" showConsoleOnStdOut="true" showConsoleOnStdErr="true" synchronizeAfterRun="true">
    <exec>
      <option name="COMMAND" value="&quot;$FileDir$\$FileNameWithoutAllExtensions$&quot;" />
      <option name="PARAMETERS" />
      <option name="WORKING_DIRECTORY" value="$ProjectFileDir$" />
    </exec>
  </tool>
</toolSet>