<keymap version="1" name="Windows copy" parent="$default">
  <action id="$Redo">
    <keyboard-shortcut first-keystroke="shift ctrl z" />
    <keyboard-shortcut first-keystroke="shift alt back_space" />
    <keyboard-shortcut first-keystroke="ctrl y" />
  </action>
  <action id="CPP.NewCppFile">
    <keyboard-shortcut first-keystroke="ctrl n" />
  </action>
  <action id="CompareTwoFiles" />
  <action id="Diff.ShowDiff" />
  <action id="Editor Redo">
    <keyboard-shortcut first-keystroke="ctrl y" />
  </action>
  <action id="EditorDecreaseFontSize">
    <mouse-shortcut keystroke="control button143" />
  </action>
  <action id="EditorDeleteLine">
    <keyboard-shortcut first-keystroke="ctrl d" />
  </action>
  <action id="EditorDuplicate" />
  <action id="EditorIncreaseFontSize">
    <mouse-shortcut keystroke="control button142" />
  </action>
  <action id="FileChooser.GotoDesktop" />
  <action id="FileChooser.NewFolder">
    <keyboard-shortcut first-keystroke="alt insert" />
  </action>
  <action id="GotoClass" />
  <action id="Resume" />
  <action id="Run">
    <keyboard-shortcut first-keystroke="f11" />
  </action>
  <action id="RunDashboard.CopyConfiguration" />
  <action id="SendEOF" />
  <action id="SwitchHeaderSource" />
  <action id="ToggleBookmark" />
  <action id="Tool_External Tools_g++compile">
    <keyboard-shortcut first-keystroke="f9" />
  </action>
  <action id="Tool_External Tools_g++runner">
    <keyboard-shortcut first-keystroke="f10" />
  </action>
  <action id="XDebugger.CopyWatch" />
  <action id="openAssertEqualsDiff" />
</keymap>